{"v":"5.2.1","fr":60,"ip":0,"op":240,"w":500,"h":500,"nm":"Soccer","ddd":0,"assets":[],"layers":[{"ddd":0,"ind":1,"ty":4,"nm":"soccer ball Outlines","sr":1,"ks":{"o":{"a":0,"k":100,"ix":11},"r":{"a":1,"k":[{"i":{"x":[0.667],"y":[1]},"o":{"x":[0.167],"y":[0.167]},"n":["0p667_1_0p167_0p167"],"t":8,"s":[0],"e":[-79.789]},{"i":{"x":[0.667],"y":[1]},"o":{"x":[0.333],"y":[0]},"n":["0p667_1_0p333_0"],"t":69,"s":[-79.789],"e":[-267.967]},{"i":{"x":[0.833],"y":[0.833]},"o":{"x":[0.333],"y":[0]},"n":["0p833_0p833_0p333_0"],"t":94,"s":[-267.967],"e":[-129]},{"t":307}],"ix":10},"p":{"a":1,"k":[{"i":{"x":0.667,"y":1},"o":{"x":0.333,"y":0},"n":"0p667_1_0p333_0","t":8,"s":[953,-72,0],"e":[239.25,148.5,0],"to":[-118.958335876465,36.75,0],"ti":[0.71202170848846,18.9495391845703,0]},{"i":{"x":0.268,"y":1},"o":{"x":0.501,"y":0},"n":"0p268_1_0p501_0","t":69,"s":[239.25,148.5,0],"e":[552.25,44,0],"to":[-0.86373203992844,-22.9871139526367,0],"ti":[-52.1666679382324,17.4166660308838,0]},{"t":94}],"ix":2},"a":{"a":0,"k":[78.5,79,0],"ix":1},"s":{"a":0,"k":[30.573,30.573,100],"ix":6}},"ao":0,"shapes":[{"ty":"gr","it":[{"ind":0,"ty":"sh","ix":1,"ks":{"a":0,"k":{"i":[[0,0],[0,0],[0,0],[0,0],[0,0]],"o":[[0,0],[0,0],[0,0],[0,0],[0,0]],"v":[[-8.773,-35.781],[-37.288,-4.523],[-9.048,35.781],[37.288,26.275],[37.288,-13.572]],"c":true},"ix":2},"nm":"Path 1","mn":"ADBE Vector Shape - Group","hd":false},{"ty":"fl","c":{"a":0,"k":[0.948999980852,0.894000004787,0.211999990426,1],"ix":4},"o":{"a":0,"k":100,"ix":5},"r":1,"nm":"Fill 1","mn":"ADBE Vector Graphic - Fill","hd":false},{"ty":"tr","p":{"a":0,"k":[73.945,56.704],"ix":2},"a":{"a":0,"k":[0,0],"ix":1},"s":{"a":0,"k":[100,100],"ix":3},"r":{"a":0,"k":0,"ix":6},"o":{"a":0,"k":100,"ix":7},"sk":{"a":0,"k":0,"ix":4},"sa":{"a":0,"k":0,"ix":5},"nm":"Transform"}],"nm":"Group 1","np":2,"cix":2,"ix":1,"mn":"ADBE Vector Group","hd":false},{"ty":"gr","it":[{"ind":0,"ty":"sh","ix":1,"ks":{"a":0,"k":{"i":[[4.995,-3.309],[0,0],[0,0],[0,0],[0,0],[0,0],[0,0],[0,0],[0,0],[-2.839,4.784],[0,0],[0,0],[0,0],[0,0],[0,0],[0,0],[0,0]],"o":[[-3.265,7.068],[0,0],[0,0],[0,0],[0,0],[0,0],[0,0],[0,0],[0,0],[2.838,-4.783],[0,0],[0,0],[0,0],[0,0],[0,0],[0,0],[0,0]],"v":[[-64.482,-27.792],[-68.687,-14.697],[-52.92,-22.407],[-22.783,20.823],[-33.74,65.695],[-22.783,70.602],[-10.772,26.302],[38.333,15.737],[60.712,48.434],[65.849,41.341],[47.155,4.181],[47.155,-38.584],[66.106,-38.002],[57.943,-48.66],[39.478,-48.66],[-13.346,-70.602],[-50.727,-35.293]],"c":true},"ix":2},"nm":"Path 1","mn":"ADBE Vector Shape - Group","hd":false},{"ty":"fl","c":{"a":0,"k":[0,0.560999971278,0.834999952129,1],"ix":4},"o":{"a":0,"k":100,"ix":5},"r":1,"nm":"Fill 1","mn":"ADBE Vector Graphic - Fill","hd":false},{"ty":"tr","p":{"a":0,"k":[76.142,79.249],"ix":2},"a":{"a":0,"k":[0,0],"ix":1},"s":{"a":0,"k":[100,100],"ix":3},"r":{"a":0,"k":0,"ix":6},"o":{"a":0,"k":100,"ix":7},"sk":{"a":0,"k":0,"ix":4},"sa":{"a":0,"k":0,"ix":5},"nm":"Transform"}],"nm":"Group 2","np":2,"cix":2,"ix":2,"mn":"ADBE Vector Group","hd":false},{"ty":"gr","it":[{"ind":0,"ty":"sh","ix":1,"ks":{"a":0,"k":{"i":[[-32.86,0],[0,35.473],[16.888,11.573],[9.329,0],[4.165,-36.941]],"o":[[35.473,0],[0,-22.019],[-8.222,-3.148],[-38.054,0],[3.814,31.833]],"v":[[-0.253,61.093],[63.977,-3.135],[35.997,-56.145],[9.555,-61.093],[-63.978,4.57]],"c":true},"ix":2},"nm":"Path 1","mn":"ADBE Vector Shape - Group","hd":false},{"ty":"fl","c":{"a":0,"k":[0.948999980852,0.894000004787,0.211999990426,1],"ix":4},"o":{"a":0,"k":100,"ix":5},"r":1,"nm":"Fill 1","mn":"ADBE Vector Graphic - Fill","hd":false},{"ty":"tr","p":{"a":0,"k":[70.108,67.728],"ix":2},"a":{"a":0,"k":[0,0],"ix":1},"s":{"a":0,"k":[100,100],"ix":3},"r":{"a":0,"k":0,"ix":6},"o":{"a":0,"k":100,"ix":7},"sk":{"a":0,"k":0,"ix":4},"sa":{"a":0,"k":0,"ix":5},"nm":"Transform"}],"nm":"Group 3","np":2,"cix":2,"ix":3,"mn":"ADBE Vector Group","hd":false},{"ty":"gr","it":[{"ind":0,"ty":"sh","ix":1,"ks":{"a":0,"k":{"i":[[27.812,10.655],[0,-22.019],[35.473,0],[3.814,31.833],[0,-2.836],[-40.889,0],[0,40.889]],"o":[[16.888,11.573],[0,35.473],[-32.86,0],[-0.31,2.752],[0,40.889],[40.889,0],[0,-31.559]],"v":[[26.442,-71.563],[54.423,-18.553],[-9.807,45.675],[-73.532,-10.85],[-74.036,-2.475],[0,71.563],[74.036,-2.475]],"c":true},"ix":2},"nm":"Path 1","mn":"ADBE Vector Shape - Group","hd":false},{"ty":"fl","c":{"a":0,"k":[0.917999985639,0.741000007181,0,1],"ix":4},"o":{"a":0,"k":100,"ix":5},"r":1,"nm":"Fill 1","mn":"ADBE Vector Graphic - Fill","hd":false},{"ty":"tr","p":{"a":0,"k":[79.662,83.146],"ix":2},"a":{"a":0,"k":[0,0],"ix":1},"s":{"a":0,"k":[100,100],"ix":3},"r":{"a":0,"k":0,"ix":6},"o":{"a":0,"k":100,"ix":7},"sk":{"a":0,"k":0,"ix":4},"sa":{"a":0,"k":0,"ix":5},"nm":"Transform"}],"nm":"Group 4","np":2,"cix":2,"ix":4,"mn":"ADBE Vector Group","hd":false}],"ip":8,"op":240,"st":8,"bm":0},{"ddd":0,"ind":2,"ty":4,"nm":"soccer player Outlines","sr":1,"ks":{"o":{"a":0,"k":100,"ix":11},"r":{"a":1,"k":[{"i":{"x":[0.833],"y":[0.833]},"o":{"x":[0.167],"y":[0.167]},"n":["0p833_0p833_0p167_0p167"],"t":3,"s":[-13],"e":[-15]},{"t":300}],"ix":10},"p":{"a":1,"k":[{"i":{"x":0.11,"y":1},"o":{"x":0.333,"y":0},"n":"0p11_1_0p333_0","t":12,"s":[-156,346,0],"e":[623,636,0],"to":[451.833343505859,-233.66667175293,0],"ti":[-129.83332824707,-48.3333320617676,0]},{"t":239}],"ix":2},"a":{"a":0,"k":[132.373,171.541,0],"ix":1},"s":{"a":0,"k":[123.139,123.139,100],"ix":6}},"ao":0,"shapes":[{"ty":"gr","it":[{"ind":0,"ty":"sh","ix":1,"ks":{"a":0,"k":{"i":[[-5.68,-6.252],[-1.083,-1.329],[-2.243,0.201],[3.025,3.658],[1.262,1.25],[1.993,-0.457],[0,0]],"o":[[1.973,2.172],[2.249,-0.129],[-1.113,-2.578],[-2.399,-2.902],[-1.453,-1.438],[0,0],[0,0]],"v":[[-0.324,1.566],[4.929,9.257],[11.668,8.761],[5.463,-1.053],[-0.6,-7.238],[-6.128,-8.8],[-11.668,-7.531]],"c":true},"ix":2},"nm":"Path 1","mn":"ADBE Vector Shape - Group","hd":false},{"ty":"fl","c":{"a":0,"k":[1,1,1,1],"ix":4},"o":{"a":0,"k":100,"ix":5},"r":1,"nm":"Fill 1","mn":"ADBE Vector Graphic - Fill","hd":false},{"ty":"tr","p":{"a":0,"k":[187.867,152.484],"ix":2},"a":{"a":0,"k":[0,0],"ix":1},"s":{"a":0,"k":[100,100],"ix":3},"r":{"a":0,"k":0,"ix":6},"o":{"a":0,"k":100,"ix":7},"sk":{"a":0,"k":0,"ix":4},"sa":{"a":0,"k":0,"ix":5},"nm":"Transform"}],"nm":"Group 1","np":2,"cix":2,"ix":1,"mn":"ADBE Vector Group","hd":false},{"ty":"gr","it":[{"ind":0,"ty":"sh","ix":1,"ks":{"a":0,"k":{"i":[[0,0],[0,0],[0,0],[0,0]],"o":[[0,0],[0,0],[0,0],[0,0]],"v":[[-1.958,-1.725],[-0.784,2.1],[1.958,1.688],[0.98,-2.1]],"c":true},"ix":2},"nm":"Path 1","mn":"ADBE Vector Shape - Group","hd":false},{"ty":"fl","c":{"a":0,"k":[0,0.438999998803,0.736999990426,1],"ix":4},"o":{"a":0,"k":100,"ix":5},"r":1,"nm":"Fill 1","mn":"ADBE Vector Graphic - Fill","hd":false},{"ty":"tr","p":{"a":0,"k":[37.222,142.68],"ix":2},"a":{"a":0,"k":[0,0],"ix":1},"s":{"a":0,"k":[100,100],"ix":3},"r":{"a":0,"k":0,"ix":6},"o":{"a":0,"k":100,"ix":7},"sk":{"a":0,"k":0,"ix":4},"sa":{"a":0,"k":0,"ix":5},"nm":"Transform"}],"nm":"Group 2","np":2,"cix":2,"ix":2,"mn":"ADBE Vector Group","hd":false},{"ty":"gr","it":[{"ind":0,"ty":"sh","ix":1,"ks":{"a":0,"k":{"i":[[0,0],[0,0],[0,0],[0,0]],"o":[[0,0],[0,0],[0,0],[0,0]],"v":[[-2.016,-1.928],[-0.842,1.898],[2.016,1.931],[1.018,-1.931]],"c":true},"ix":2},"nm":"Path 1","mn":"ADBE Vector Shape - Group","hd":false},{"ty":"fl","c":{"a":0,"k":[0,0.438999998803,0.736999990426,1],"ix":4},"o":{"a":0,"k":100,"ix":5},"r":1,"nm":"Fill 1","mn":"ADBE Vector Graphic - Fill","hd":false},{"ty":"tr","p":{"a":0,"k":[32.593,143.022],"ix":2},"a":{"a":0,"k":[0,0],"ix":1},"s":{"a":0,"k":[100,100],"ix":3},"r":{"a":0,"k":0,"ix":6},"o":{"a":0,"k":100,"ix":7},"sk":{"a":0,"k":0,"ix":4},"sa":{"a":0,"k":0,"ix":5},"nm":"Transform"}],"nm":"Group 3","np":2,"cix":2,"ix":3,"mn":"ADBE Vector Group","hd":false},{"ty":"gr","it":[{"ind":0,"ty":"sh","ix":1,"ks":{"a":0,"k":{"i":[[3.351,0.434],[-3.214,-1.215],[0,0],[3.844,1.928]],"o":[[4.387,1.854],[3.213,1.215],[0,0],[-3.845,-1.929]],"v":[[-8.876,-3.367],[2.79,-0.24],[8.876,3.664],[3.749,-1.734]],"c":true},"ix":2},"nm":"Path 1","mn":"ADBE Vector Shape - Group","hd":false},{"ty":"fl","c":{"a":0,"k":[0,0.438999998803,0.736999990426,1],"ix":4},"o":{"a":0,"k":100,"ix":5},"r":1,"nm":"Fill 1","mn":"ADBE Vector Graphic - Fill","hd":false},{"ty":"tr","p":{"a":0,"k":[36.302,152.4],"ix":2},"a":{"a":0,"k":[0,0],"ix":1},"s":{"a":0,"k":[100,100],"ix":3},"r":{"a":0,"k":0,"ix":6},"o":{"a":0,"k":100,"ix":7},"sk":{"a":0,"k":0,"ix":4},"sa":{"a":0,"k":0,"ix":5},"nm":"Transform"}],"nm":"Group 4","np":2,"cix":2,"ix":4,"mn":"ADBE Vector Group","hd":false},{"ty":"gr","it":[{"ind":0,"ty":"sh","ix":1,"ks":{"a":0,"k":{"i":[[0,0],[0,0],[-7.131,-2.946],[-2.598,-2.141],[0,0],[0,0],[7.338,1.955],[3.905,2.64]],"o":[[0,0],[0,0],[7.131,2.945],[3.877,3.198],[0,0],[0,0],[-6.184,-1.647],[-3.905,-2.641]],"v":[[-15.079,-10.651],[-17.066,-8.387],[-7.003,0.906],[6.133,6.371],[14.947,10.65],[17.065,7.348],[3.292,0.799],[-8.385,-3.943]],"c":true},"ix":2},"nm":"Path 1","mn":"ADBE Vector Shape - Group","hd":false},{"ty":"fl","c":{"a":0,"k":[0,0.438999998803,0.736999990426,1],"ix":4},"o":{"a":0,"k":100,"ix":5},"r":1,"nm":"Fill 1","mn":"ADBE Vector Graphic - Fill","hd":false},{"ty":"tr","p":{"a":0,"k":[29.385,151.36],"ix":2},"a":{"a":0,"k":[0,0],"ix":1},"s":{"a":0,"k":[100,100],"ix":3},"r":{"a":0,"k":0,"ix":6},"o":{"a":0,"k":100,"ix":7},"sk":{"a":0,"k":0,"ix":4},"sa":{"a":0,"k":0,"ix":5},"nm":"Transform"}],"nm":"Group 5","np":2,"cix":2,"ix":5,"mn":"ADBE Vector Group","hd":false},{"ty":"gr","it":[{"ind":0,"ty":"sh","ix":1,"ks":{"a":0,"k":{"i":[[0,0],[4.993,0.383],[2.952,1.279],[0.522,-0.637],[-2.447,-2.073],[-5.471,-1.4],[-3.017,-2.22],[0,0],[-0.993,4.565],[1.874,-0.41],[0.176,1.911]],"o":[[0,0],[-4.992,-0.382],[-2.581,-1.118],[-0.868,1.061],[3.916,3.318],[3.831,0.98],[3.622,2.666],[0,0],[0.787,-3.617],[-1.874,0.41],[-0.354,-3.855]],"v":[[9.163,-8.863],[-3.034,-7.436],[-14.634,-9.283],[-19.305,-7.82],[-16.516,-3.753],[-5.375,4.368],[6.171,7.735],[12.84,10.178],[19.386,0.814],[15.959,-0.343],[11.129,-2.717]],"c":true},"ix":2},"nm":"Path 1","mn":"ADBE Vector Shape - Group","hd":false},{"ty":"fl","c":{"a":0,"k":[0.948999980852,0.894000004787,0.211999990426,1],"ix":4},"o":{"a":0,"k":100,"ix":5},"r":1,"nm":"Fill 1","mn":"ADBE Vector Graphic - Fill","hd":false},{"ty":"tr","p":{"a":0,"k":[33.61,148.53],"ix":2},"a":{"a":0,"k":[0,0],"ix":1},"s":{"a":0,"k":[100,100],"ix":3},"r":{"a":0,"k":0,"ix":6},"o":{"a":0,"k":100,"ix":7},"sk":{"a":0,"k":0,"ix":4},"sa":{"a":0,"k":0,"ix":5},"nm":"Transform"}],"nm":"Group 6","np":2,"cix":2,"ix":6,"mn":"ADBE Vector Group","hd":false},{"ty":"gr","it":[{"ty":"gr","it":[{"ind":0,"ty":"sh","ix":1,"ks":{"a":0,"k":{"i":[[0,0],[2.972,-12.284],[-4.953,-2.834],[0,0],[0,0],[2.576,3.17],[-3.299,10.645],[0,0]],"o":[[0,0],[-2.973,12.285],[4.953,2.834],[0,0],[0,0],[-2.576,-3.17],[3.299,-10.646],[0,0]],"v":[[4.841,-28.537],[-3.348,1.692],[-3.943,24.615],[5.962,28.538],[7.037,25.634],[-2.16,21.308],[1.476,-1.894],[8.897,-25.836]],"c":true},"ix":2},"nm":"Path 1","mn":"ADBE Vector Shape - Group","hd":false},{"ty":"fl","c":{"a":0,"k":[1,1,1,1],"ix":4},"o":{"a":0,"k":100,"ix":5},"r":1,"nm":"Fill 1","mn":"ADBE Vector Graphic - Fill","hd":false},{"ty":"tr","p":{"a":0,"k":[7.898,-3.401],"ix":2},"a":{"a":0,"k":[0,0],"ix":1},"s":{"a":0,"k":[100,100],"ix":3},"r":{"a":0,"k":0,"ix":6},"o":{"a":0,"k":100,"ix":7},"sk":{"a":0,"k":0,"ix":4},"sa":{"a":0,"k":0,"ix":5},"nm":"Transform"}],"nm":"Group 12","np":2,"cix":2,"ix":1,"mn":"ADBE Vector Group","hd":false},{"ind":1,"ty":"sh","ix":2,"ks":{"a":0,"k":{"i":[[10.885,-0.797],[6.341,-24.395],[0,0],[-0.407,7.748],[-1.557,3.109]],"o":[[-6.051,10.21],[-6.501,25.015],[14.156,-8.773],[0.508,-9.67],[-8.508,-7.021]],"v":[[-1.061,-35.393],[-17.601,11.175],[4.865,35.906],[17.561,-0.802],[24.102,-23.774]],"c":true},"ix":2},"nm":"Path 1","mn":"ADBE Vector Shape - Group","hd":false},{"ty":"fl","c":{"a":0,"k":[0,0.560999971278,0.834999952129,1],"ix":4},"o":{"a":0,"k":100,"ix":5},"r":1,"nm":"Fill 1","mn":"ADBE Vector Graphic - Fill","hd":false},{"ty":"tr","p":{"a":0,"k":[134.422,169.103],"ix":2},"a":{"a":0,"k":[3.715,20.868],"ix":1},"s":{"a":0,"k":[100,100],"ix":3},"r":{"a":1,"k":[{"i":{"x":[0.667],"y":[1]},"o":{"x":[0.333],"y":[0]},"n":["0p667_1_0p333_0"],"t":60,"s":[-11],"e":[0]},{"t":77}],"ix":6},"o":{"a":0,"k":100,"ix":7},"sk":{"a":0,"k":0,"ix":4},"sa":{"a":0,"k":0,"ix":5},"nm":"Transform"}],"nm":"Group 13","np":3,"cix":2,"ix":7,"mn":"ADBE Vector Group","hd":false},{"ty":"gr","it":[{"ind":0,"ty":"sh","ix":1,"ks":{"a":0,"k":{"i":[[0,0],[-1.457,5.04],[3.207,15.331],[2.722,7.03],[0,0],[-3.107,-14.76],[-1.434,-6.29],[0,0]],"o":[[-3.069,-1.954],[1.4,-4.843],[-3.207,-15.33],[-2.722,-7.03],[0,0],[3.106,14.76],[1.594,6.988],[0,0]],"v":[[-8.05,43.142],[-5.678,20.478],[-5.967,-2.878],[-5.967,-47.446],[5.759,-50.654],[11.82,-14.215],[19.321,27.219],[5.66,45.96]],"c":true},"ix":2},"nm":"Path 1","mn":"ADBE Vector Shape - Group","hd":false},{"ty":"fl","c":{"a":0,"k":[0.952999997606,0.760999971278,0.592000026329,1],"ix":4},"o":{"a":0,"k":100,"ix":5},"r":1,"nm":"Fill 1","mn":"ADBE Vector Graphic - Fill","hd":false},{"ty":"gr","it":[{"ind":0,"ty":"sh","ix":1,"ks":{"a":0,"k":{"i":[[0,0],[0,0],[0,0],[0,0]],"o":[[0,0],[0,0],[0,0],[0,0]],"v":[[2.545,-0.591],[-1.21,-1.975],[-2.544,0.457],[1.062,1.975]],"c":true},"ix":2},"nm":"Path 1","mn":"ADBE Vector Shape - Group","hd":false},{"ty":"fl","c":{"a":0,"k":[0,0.560999971278,0.834999952129,1],"ix":4},"o":{"a":0,"k":100,"ix":5},"r":1,"nm":"Fill 1","mn":"ADBE Vector Graphic - Fill","hd":false},{"ty":"tr","p":{"a":0,"k":[6.69,-55.931],"ix":2},"a":{"a":0,"k":[0,0],"ix":1},"s":{"a":0,"k":[100,100],"ix":3},"r":{"a":0,"k":0,"ix":6},"o":{"a":0,"k":100,"ix":7},"sk":{"a":0,"k":0,"ix":4},"sa":{"a":0,"k":0,"ix":5},"nm":"Transform"}],"nm":"Group 7","np":2,"cix":2,"ix":3,"mn":"ADBE Vector Group","hd":false},{"ty":"gr","it":[{"ind":0,"ty":"sh","ix":1,"ks":{"a":0,"k":{"i":[[0,0],[0,0],[0,0],[0,0]],"o":[[0,0],[0,0],[0,0],[0,0]],"v":[[2.757,-0.516],[-0.997,-1.9],[-2.757,0.353],[0.92,1.9]],"c":true},"ix":2},"nm":"Path 1","mn":"ADBE Vector Shape - Group","hd":false},{"ty":"fl","c":{"a":0,"k":[0,0.560999971278,0.834999952129,1],"ix":4},"o":{"a":0,"k":100,"ix":5},"r":1,"nm":"Fill 1","mn":"ADBE Vector Graphic - Fill","hd":false},{"ty":"tr","p":{"a":0,"k":[9.207,-59.817],"ix":2},"a":{"a":0,"k":[0,0],"ix":1},"s":{"a":0,"k":[100,100],"ix":3},"r":{"a":0,"k":0,"ix":6},"o":{"a":0,"k":100,"ix":7},"sk":{"a":0,"k":0,"ix":4},"sa":{"a":0,"k":0,"ix":5},"nm":"Transform"}],"nm":"Group 8","np":2,"cix":2,"ix":4,"mn":"ADBE Vector Group","hd":false},{"ty":"gr","it":[{"ind":0,"ty":"sh","ix":1,"ks":{"a":0,"k":{"i":[[-2.376,2.402],[2.914,-1.82],[0,0],[-3.864,1.889]],"o":[[-4.133,2.365],[-2.914,1.82],[0,0],[3.864,-1.888]],"v":[[8.176,-5.47],[-1.382,1.912],[-8.176,4.386],[-0.774,3.581]],"c":true},"ix":2},"nm":"Path 1","mn":"ADBE Vector Shape - Group","hd":false},{"ty":"fl","c":{"a":0,"k":[0,0.560999971278,0.834999952129,1],"ix":4},"o":{"a":0,"k":100,"ix":5},"r":1,"nm":"Fill 1","mn":"ADBE Vector Graphic - Fill","hd":false},{"ty":"tr","p":{"a":0,"k":[-0.617,-62.181],"ix":2},"a":{"a":0,"k":[0,0],"ix":1},"s":{"a":0,"k":[100,100],"ix":3},"r":{"a":0,"k":0,"ix":6},"o":{"a":0,"k":100,"ix":7},"sk":{"a":0,"k":0,"ix":4},"sa":{"a":0,"k":0,"ix":5},"nm":"Transform"}],"nm":"Group 9","np":2,"cix":2,"ix":5,"mn":"ADBE Vector Group","hd":false},{"ty":"gr","it":[{"ind":0,"ty":"sh","ix":1,"ks":{"a":0,"k":{"i":[[0,0],[0,0],[6.664,-3.886],[3.278,-0.768],[0,0],[0,0],[-6.003,4.652],[-4.466,1.506]],"o":[[0,0],[0,0],[-6.666,3.887],[-4.894,1.146],[0,0],[0,0],[5.058,-3.919],[4.467,-1.506]],"v":[[17.571,-5.095],[16.975,-8.047],[3.485,-5.676],[-8.825,1.458],[-17.571,5.875],[-16.228,9.563],[-2.672,2.576],[8.178,-3.837]],"c":true},"ix":2},"nm":"Path 1","mn":"ADBE Vector Shape - Group","hd":false},{"ty":"fl","c":{"a":0,"k":[0,0.560999971278,0.834999952129,1],"ix":4},"o":{"a":0,"k":100,"ix":5},"r":1,"nm":"Fill 1","mn":"ADBE Vector Graphic - Fill","hd":false},{"ty":"tr","p":{"a":0,"k":[4.562,-67.946],"ix":2},"a":{"a":0,"k":[0,0],"ix":1},"s":{"a":0,"k":[100,100],"ix":3},"r":{"a":0,"k":0,"ix":6},"o":{"a":0,"k":100,"ix":7},"sk":{"a":0,"k":0,"ix":4},"sa":{"a":0,"k":0,"ix":5},"nm":"Transform"}],"nm":"Group 10","np":2,"cix":2,"ix":6,"mn":"ADBE Vector Group","hd":false},{"ty":"gr","it":[{"ind":0,"ty":"sh","ix":1,"ks":{"a":0,"k":{"i":[[0,0],[-3.33,3.739],[-2.806,1.572],[0.191,0.8],[3.133,-0.69],[4.429,-3.503],[3.595,-1.055],[0,0],[-3.029,-3.557],[-0.811,1.739],[-1.626,-1.019]],"o":[[0,0],[3.33,-3.739],[2.455,-1.375],[-0.316,-1.334],[-5.011,1.103],[-3.103,2.453],[-4.315,1.265],[0,0],[2.401,2.818],[0.81,-1.739],[3.282,2.055]],"v":[[0.08,9.762],[6.337,-0.804],[14.838,-8.91],[16.506,-13.512],[11.58,-13.759],[-1.631,-9.821],[-11.308,-2.678],[-17.293,1.146],[-13.814,12.028],[-10.815,10.004],[-6.001,7.601]],"c":true},"ix":2},"nm":"Path 1","mn":"ADBE Vector Shape - Group","hd":false},{"ty":"fl","c":{"a":0,"k":[0.948999980852,0.894000004787,0.211999990426,1],"ix":4},"o":{"a":0,"k":100,"ix":5},"r":1,"nm":"Fill 1","mn":"ADBE Vector Graphic - Fill","hd":false},{"ty":"tr","p":{"a":0,"k":[5.627,-59.529],"ix":2},"a":{"a":0,"k":[0,0],"ix":1},"s":{"a":0,"k":[100,100],"ix":3},"r":{"a":0,"k":0,"ix":6},"o":{"a":0,"k":100,"ix":7},"sk":{"a":0,"k":0,"ix":4},"sa":{"a":0,"k":0,"ix":5},"nm":"Transform"}],"nm":"Group 11","np":2,"cix":2,"ix":7,"mn":"ADBE Vector Group","hd":false},{"ty":"tr","p":{"a":1,"k":[{"i":{"x":0.833,"y":0.833},"o":{"x":0.167,"y":0.167},"n":"0p833_0p833_0p167_0p167","t":60,"s":[134.989,119.415],"e":[142.174,119.022],"to":[1.19739890098572,-0.06555408984423],"ti":[-1.19739890098572,0.06555408984423]},{"t":77}],"ix":2},"a":{"a":0,"k":[4.928,32.376],"ix":1},"s":{"a":0,"k":[100,100],"ix":3},"r":{"a":1,"k":[{"i":{"x":[0.667],"y":[1]},"o":{"x":[0.167],"y":[0.167]},"n":["0p667_1_0p167_0p167"],"t":60,"s":[-28.278],"e":[23]},{"t":77}],"ix":6},"o":{"a":0,"k":100,"ix":7},"sk":{"a":0,"k":0,"ix":4},"sa":{"a":0,"k":0,"ix":5},"nm":"Transform"}],"nm":"Group 14","np":7,"cix":2,"ix":8,"mn":"ADBE Vector Group","hd":false},{"ty":"gr","it":[{"ind":0,"ty":"sh","ix":1,"ks":{"a":0,"k":{"i":[[0,0],[-14.663,-12.124],[0,0],[0,0],[0,0]],"o":[[0,0],[10.918,9.026],[0,0],[0,0],[0,0]],"v":[[-25.044,-19.735],[5.273,24.82],[21.697,27.036],[25.044,-2.995],[-7.732,-33.846]],"c":true},"ix":2},"nm":"Path 1","mn":"ADBE Vector Shape - Group","hd":false},{"ty":"fl","c":{"a":0,"k":[0,0.438999998803,0.736999990426,1],"ix":4},"o":{"a":0,"k":100,"ix":5},"r":1,"nm":"Fill 1","mn":"ADBE Vector Graphic - Fill","hd":false},{"ty":"tr","p":{"a":0,"k":[113.623,152.585],"ix":2},"a":{"a":0,"k":[0,0],"ix":1},"s":{"a":0,"k":[100,100],"ix":3},"r":{"a":0,"k":0,"ix":6},"o":{"a":0,"k":100,"ix":7},"sk":{"a":0,"k":0,"ix":4},"sa":{"a":0,"k":0,"ix":5},"nm":"Transform"}],"nm":"Group 15","np":2,"cix":2,"ix":9,"mn":"ADBE Vector Group","hd":false},{"ty":"gr","it":[{"ind":0,"ty":"sh","ix":1,"ks":{"a":0,"k":{"i":[[0,0],[6.553,7.303],[3.169,0.092],[6.48,-5.383],[0,0],[0,0],[-6.714,2.799],[0,0],[-4.195,-6.476]],"o":[[0,0],[-6.551,-7.302],[-3.169,-0.092],[-6.479,5.383],[0,0],[0,0],[9.814,-4.09],[0,0],[4.194,6.475]],"v":[[42.667,8.509],[33.231,-4.928],[11.43,-25.563],[-6.232,-16.919],[-42.668,11.372],[-30.966,16.497],[-11.091,7.767],[6.904,-3.511],[26.936,19.18]],"c":true},"ix":2},"nm":"Path 1","mn":"ADBE Vector Shape - Group","hd":false},{"ty":"fl","c":{"a":0,"k":[0.952999997606,0.760999971278,0.592000026329,1],"ix":4},"o":{"a":0,"k":100,"ix":5},"r":1,"nm":"Fill 1","mn":"ADBE Vector Graphic - Fill","hd":false},{"ty":"tr","p":{"a":0,"k":[79.107,133.408],"ix":2},"a":{"a":0,"k":[0,0],"ix":1},"s":{"a":0,"k":[100,100],"ix":3},"r":{"a":0,"k":0,"ix":6},"o":{"a":0,"k":100,"ix":7},"sk":{"a":0,"k":0,"ix":4},"sa":{"a":0,"k":0,"ix":5},"nm":"Transform"}],"nm":"Group 16","np":2,"cix":2,"ix":10,"mn":"ADBE Vector Group","hd":false},{"ty":"gr","it":[{"ind":0,"ty":"sh","ix":1,"ks":{"a":0,"k":{"i":[[-6.12,3.248],[0.169,1.047],[3.964,-0.739],[1.694,0.928],[0,0]],"o":[[-0.066,-0.952],[-3.647,1.453],[-4.516,0.839],[0,0],[5.924,3.937]],"v":[[11.628,-2.014],[11.255,-5.032],[-1.906,-0.79],[-11.628,-2.33],[-10.834,1.095]],"c":true},"ix":2},"nm":"Path 1","mn":"ADBE Vector Shape - Group","hd":false},{"ty":"fl","c":{"a":0,"k":[0,0.560999971278,0.834999952129,1],"ix":4},"o":{"a":0,"k":100,"ix":5},"r":1,"nm":"Fill 1","mn":"ADBE Vector Graphic - Fill","hd":false},{"ty":"tr","p":{"a":0,"k":[210.393,191.439],"ix":2},"a":{"a":0,"k":[0,0],"ix":1},"s":{"a":0,"k":[100,100],"ix":3},"r":{"a":0,"k":0,"ix":6},"o":{"a":0,"k":100,"ix":7},"sk":{"a":0,"k":0,"ix":4},"sa":{"a":0,"k":0,"ix":5},"nm":"Transform"}],"nm":"Group 17","np":2,"cix":2,"ix":11,"mn":"ADBE Vector Group","hd":false},{"ty":"gr","it":[{"ind":0,"ty":"sh","ix":1,"ks":{"a":0,"k":{"i":[[-4.516,0.84],[-3.646,1.452],[2.121,6.019],[14.866,3.853],[0,0],[0,0],[-1.967,-6.287],[0,0],[-14.853,2.52],[0,0],[0,0]],"o":[[3.964,-0.738],[-0.959,-5.946],[-3.268,-9.28],[-8.116,-2.104],[-9.363,3.724],[0,0],[1.967,6.286],[0,0],[18.732,-3.179],[0,0],[1.695,0.929]],"v":[[31.451,23.918],[44.611,19.677],[39.099,0.475],[9.775,-22.655],[-14.45,-16.44],[-42.108,-16.44],[-33.813,-1.245],[-44.611,21.876],[-9.001,19.381],[19.264,11.75],[21.729,22.378]],"c":true},"ix":2},"nm":"Path 1","mn":"ADBE Vector Shape - Group","hd":false},{"ty":"fl","c":{"a":0,"k":[0.948999980852,0.894000004787,0.211999990426,1],"ix":4},"o":{"a":0,"k":100,"ix":5},"r":1,"nm":"Fill 1","mn":"ADBE Vector Graphic - Fill","hd":false},{"ty":"tr","p":{"a":0,"k":[177.036,166.73],"ix":2},"a":{"a":0,"k":[0,0],"ix":1},"s":{"a":0,"k":[100,100],"ix":3},"r":{"a":0,"k":0,"ix":6},"o":{"a":0,"k":100,"ix":7},"sk":{"a":0,"k":0,"ix":4},"sa":{"a":0,"k":0,"ix":5},"nm":"Transform"}],"nm":"Group 18","np":2,"cix":2,"ix":12,"mn":"ADBE Vector Group","hd":false},{"ty":"gr","it":[{"ind":0,"ty":"sh","ix":1,"ks":{"a":0,"k":{"i":[[0,0],[-1.585,-6.736],[-1.585,-7.133],[-3.273,0],[-0.639,1.981],[0,0],[0.177,7],[0,0]],"o":[[0,0],[1.585,6.737],[1.585,7.133],[3.273,0],[0.64,-1.982],[0,0],[-0.177,-7],[0,0]],"v":[[-13.671,-33.339],[-7.331,-12.628],[-7.331,18.281],[3.266,33.339],[13.031,27.792],[3.266,16.3],[7.663,-16.796],[4.954,-33.339]],"c":true},"ix":2},"nm":"Path 1","mn":"ADBE Vector Shape - Group","hd":false},{"ty":"fl","c":{"a":0,"k":[0.952999997606,0.760999971278,0.592000026329,1],"ix":4},"o":{"a":0,"k":100,"ix":5},"r":1,"nm":"Fill 1","mn":"ADBE Vector Graphic - Fill","hd":false},{"ty":"tr","p":{"a":0,"k":[212.37,212.751],"ix":2},"a":{"a":0,"k":[0,0],"ix":1},"s":{"a":0,"k":[100,100],"ix":3},"r":{"a":0,"k":0,"ix":6},"o":{"a":0,"k":100,"ix":7},"sk":{"a":0,"k":0,"ix":4},"sa":{"a":0,"k":0,"ix":5},"nm":"Transform"}],"nm":"Group 19","np":2,"cix":2,"ix":13,"mn":"ADBE Vector Group","hd":false},{"ty":"gr","it":[{"ind":0,"ty":"sh","ix":1,"ks":{"a":0,"k":{"i":[[0,0],[-0.155,-2.939],[2.965,2.713]],"o":[[0,0],[0.155,2.938],[-2.965,-2.711]],"v":[[1.606,-3.037],[4.816,-0.53],[-2.006,0.756]],"c":true},"ix":2},"nm":"Path 1","mn":"ADBE Vector Shape - Group","hd":false},{"ty":"fl","c":{"a":0,"k":[0.952999997606,0.760999971278,0.592000026329,1],"ix":4},"o":{"a":0,"k":100,"ix":5},"r":1,"nm":"Fill 1","mn":"ADBE Vector Graphic - Fill","hd":false},{"ty":"tr","p":{"a":0,"k":[224.379,155.408],"ix":2},"a":{"a":0,"k":[0,0],"ix":1},"s":{"a":0,"k":[100,100],"ix":3},"r":{"a":0,"k":0,"ix":6},"o":{"a":0,"k":100,"ix":7},"sk":{"a":0,"k":0,"ix":4},"sa":{"a":0,"k":0,"ix":5},"nm":"Transform"}],"nm":"Group 20","np":2,"cix":2,"ix":14,"mn":"ADBE Vector Group","hd":false},{"ty":"gr","it":[{"ind":0,"ty":"sh","ix":1,"ks":{"a":0,"k":{"i":[[2.303,-3.224],[0.686,-7.159],[0,0],[3.428,-4.694],[-5.454,1.336],[1.063,8.904],[-1.369,4.471]],"o":[[0,0],[-6.056,2.885],[0,0],[5.332,-0.838],[9.103,-2.234],[-0.421,-3.531],[-2.369,-0.454]],"v":[[3.347,-11.014],[4.397,-2.69],[-6.333,8.039],[-14.019,13.339],[2.528,13.962],[12.956,-0.182],[10.274,-14.844]],"c":true},"ix":2},"nm":"Path 1","mn":"ADBE Vector Shape - Group","hd":false},{"ty":"fl","c":{"a":0,"k":[0,0,0,1],"ix":4},"o":{"a":0,"k":100,"ix":5},"r":1,"nm":"Fill 1","mn":"ADBE Vector Graphic - Fill","hd":false},{"ty":"tr","p":{"a":0,"k":[229.654,150.521],"ix":2},"a":{"a":0,"k":[0,0],"ix":1},"s":{"a":0,"k":[100,100],"ix":3},"r":{"a":0,"k":0,"ix":6},"o":{"a":0,"k":100,"ix":7},"sk":{"a":0,"k":0,"ix":4},"sa":{"a":0,"k":0,"ix":5},"nm":"Transform"}],"nm":"Group 21","np":2,"cix":2,"ix":15,"mn":"ADBE Vector Group","hd":false},{"ty":"gr","it":[{"ind":0,"ty":"sh","ix":1,"ks":{"a":0,"k":{"i":[[-1.114,-0.149],[-1.18,0.591],[-2.396,-0.363],[-2.078,-2.409],[3.658,-5.364],[2.727,0.526],[4.204,0.133],[1.016,-0.689],[-0.072,6.369],[-0.943,1.037],[0.593,1.882],[-0.369,1.659],[-0.563,-0.209],[-0.301,0.2],[-0.389,0.168]],"o":[[1.928,0.258],[2.386,-1.195],[2.522,0.381],[2.079,2.41],[-3.659,5.364],[-3.094,-0.599],[-1.904,-0.06],[-8.906,-2.001],[4.804,-0.114],[1.34,-1.471],[-0.787,-2.495],[0.24,-1.083],[0.346,-0.213],[0.734,-0.49],[0.977,-0.422]],"v":[[-3.839,-13.902],[3.273,-11.324],[9.924,-12.383],[15.779,-9.055],[17.064,8.688],[2.751,12.394],[-4.637,11.67],[-9.339,13.244],[-20.65,2.998],[-12.354,0.313],[-12.279,-5.553],[-9.348,-9.48],[-7.934,-9.733],[-7.18,-10.967],[-5.671,-10.755]],"c":true},"ix":2},"nm":"Path 1","mn":"ADBE Vector Shape - Group","hd":false},{"ty":"fl","c":{"a":0,"k":[0.952999997606,0.760999971278,0.592000026329,1],"ix":4},"o":{"a":0,"k":100,"ix":5},"r":1,"nm":"Fill 1","mn":"ADBE Vector Graphic - Fill","hd":false},{"ty":"tr","p":{"a":0,"k":[222.329,151.762],"ix":2},"a":{"a":0,"k":[0,0],"ix":1},"s":{"a":0,"k":[100,100],"ix":3},"r":{"a":0,"k":0,"ix":6},"o":{"a":0,"k":100,"ix":7},"sk":{"a":0,"k":0,"ix":4},"sa":{"a":0,"k":0,"ix":5},"nm":"Transform"}],"nm":"Group 22","np":2,"cix":2,"ix":16,"mn":"ADBE Vector Group","hd":false},{"ty":"gr","it":[{"ind":0,"ty":"sh","ix":1,"ks":{"a":0,"k":{"i":[[0,0],[4.411,-5.151],[-0.785,-4.64],[0.628,-3.963],[-0.508,1.842],[0,0],[-6.116,5.793],[3.106,-0.655]],"o":[[0,0],[-4.411,5.151],[0.787,4.64],[-0.628,3.962],[1.86,-6.736],[0,0],[9.94,-9.419],[0,0]],"v":[[0.421,-18.871],[-16.566,1.841],[-20.971,12.26],[-11.235,23.636],[-6.194,22.843],[-11.235,8.578],[7.476,-8.857],[18.649,-26.943]],"c":true},"ix":2},"nm":"Path 1","mn":"ADBE Vector Shape - Group","hd":false},{"ty":"fl","c":{"a":0,"k":[0.862999949736,0.611999990426,0.510000011968,1],"ix":4},"o":{"a":0,"k":100,"ix":5},"r":1,"nm":"Fill 1","mn":"ADBE Vector Graphic - Fill","hd":false},{"ty":"tr","p":{"a":0,"k":[169.747,198.283],"ix":2},"a":{"a":0,"k":[0,0],"ix":1},"s":{"a":0,"k":[100,100],"ix":3},"r":{"a":0,"k":0,"ix":6},"o":{"a":0,"k":100,"ix":7},"sk":{"a":0,"k":0,"ix":4},"sa":{"a":0,"k":0,"ix":5},"nm":"Transform"}],"nm":"Group 23","np":2,"cix":2,"ix":17,"mn":"ADBE Vector Group","hd":false}],"ip":12,"op":240,"st":12,"bm":0}],"markers":[]}